{"config_name": "recursive_grid_125_symbols_300days_AUdisabled",
    "logging_level": 0,
    "long": {"auto_unstuck_ema_dist": 0.004789304245490522,
             "auto_unstuck_wallet_exposure_threshold": 0.1944208584584957,
             "ddown_factor": 1.1836942996599674,
             "backwards_tp": true,
             "ema_span_0": 800,
             "ema_span_1": 1,
             "enabled": true,
             "initial_eprice_ema_dist": -0.1,
             "initial_qty_pct": 0.8,
             "markup_range": 0.012582884680986927,
             "min_markup": 0.0008,
             "n_close_orders": 25,
             "rentry_pprice_dist": 0.021239053434194266,
             "rentry_pprice_dist_wallet_exposure_weighting": 12.95394791078704,
             "wallet_exposure_limit": 2.5},
    "short": {"auto_unstuck_ema_dist": 0.004789304245490522,
              "auto_unstuck_wallet_exposure_threshold": 0.5944208584584957,
              "ddown_factor": 2.7565718262412333,
              "backwards_tp": true,
              "ema_span_0": 1,
              "ema_span_1": 500,
              "enabled": true,
              "initial_eprice_ema_dist": -0.1,
             "initial_qty_pct": 0.8,
             "markup_range": 0.012582884680986927,
             "min_markup": 0.0008,
             "n_close_orders": 25,
             "rentry_pprice_dist": 0.013239053434194266,
             "rentry_pprice_dist_wallet_exposure_weighting": 5.95394791078704,
             "wallet_exposure_limit": 0.5}}
   
