{"config_name": "recursive_grid_125_symbols_300days_2022-03-23",
 "logging_level": 0,
 "long": {"auto_unstuck_ema_dist": 0,
          "auto_unstuck_wallet_exposure_threshold": 0.07741146038930685,
          "ddown_factor": 0.36212132404627734,
          "ema_span_0": 1212.4469909346994,
          "ema_span_1": 1440,
          "enabled": true,
          "initial_eprice_ema_dist": -0.00048730756130311095,
          "initial_qty_pct": 0.011717897308450924,
          "markup_range": 0.05658615052935292,
          "min_markup": 0.05038435202887167,
          "n_close_orders": 11,
          "rentry_pprice_dist": 0.03965644731126013,
          "rentry_pprice_dist_wallet_exposure_weighting": 5.94156387043507,
          "wallet_exposure_limit": 0.05},
 "short": {"auto_unstuck_ema_dist": 0.02360107918060952,
           "auto_unstuck_wallet_exposure_threshold": 0.8696017484288251,
           "ddown_factor": 2.8578807917477422,
           "ema_span_0": 1845.9622772519149,
           "ema_span_1": 2220.149357438459,
           "enabled": false,
           "initial_eprice_ema_dist": -0.08285630558057448,
           "initial_qty_pct": 0.030171219081039008,
           "markup_range": 0.023949596946105916,
           "min_markup": 0.03925744129630296,
           "n_close_orders": 5,
           "rentry_pprice_dist": 0.024734943307523287,
           "rentry_pprice_dist_wallet_exposure_weighting": 54.338880623212155,
           "wallet_exposure_limit": 0.05}}
