{"config_name": "recursive_grid_125_symbols_300days_AUdisabled",
 "logging_level": 0,
 "long": {"auto_unstuck_ema_dist": 0,
          "auto_unstuck_wallet_exposure_threshold": 0,
          "ddown_factor": 0.2836942996599674,
          "ema_span_0": 3573.707148465803,
          "ema_span_1": 9371.238150453562,
          "enabled": true,
          "initial_eprice_ema_dist": 0,
          "initial_qty_pct": 0.01234914998889527,
          "markup_range": 0.0458465437558736,
          "min_markup": 0.013348131482672233,
          "n_close_orders": 8,
          "rentry_pprice_dist": 0.023239053434194266,
          "rentry_pprice_dist_wallet_exposure_weighting": 11.95394791078704,
          "wallet_exposure_limit": 0.05},
 "short": {"auto_unstuck_ema_dist": 0,
           "auto_unstuck_wallet_exposure_threshold": 0,
           "ddown_factor": 2.7565718262412333,
           "ema_span_0": 360,
           "ema_span_1": 7498.585832673125,
           "enabled": false,
           "initial_eprice_ema_dist": -0.026302949421201358,
           "initial_qty_pct": 0.0219911723842904,
           "markup_range": 0.01645520103514452,
           "min_markup": 0.007048929135811168,
           "n_close_orders": 5,
           "rentry_pprice_dist": 0.038052554084690327,
           "rentry_pprice_dist_wallet_exposure_weighting": 3.901535888984564,
           "wallet_exposure_limit": 0.05}}
