{"config_name": "static_grid_125_symbols_300days",
 "logging_level": 0,
 "long": {"auto_unstuck_ema_dist": 0,
          "auto_unstuck_wallet_exposure_threshold": 0,
          "ema_span_0": 2732.0236491811465,
          "ema_span_1": 6920.183045159956,
          "enabled": true,
          "eprice_exp_base": 1.0100329642857278,
          "eprice_pprice_diff": 0.031149910203178106,
          "grid_span": 0.4227253014717693,
          "initial_eprice_ema_dist": -0.028021710932818293,
          "initial_qty_pct": 0.016197354956635976,
          "markup_range": 0.04970024105463802,
          "max_n_entry_orders": 10,
          "min_markup": 0.02144406148326509,
          "n_close_orders": 4.565132435500947,
          "secondary_allocation": 0.09114781453844102,
          "secondary_pprice_diff": 0.1989419690803816,
          "wallet_exposure_limit": 0.05},
 "short": {"auto_unstuck_ema_dist": 0,
           "auto_unstuck_wallet_exposure_threshold": 0,
           "ema_span_0": 2278.724652455613,
           "ema_span_1": 2467.2565364133497,
           "enabled": false,
           "eprice_exp_base": 1.5433177133006661,
           "eprice_pprice_diff": 0.03646634641369769,
           "grid_span": 0.12439608988166556,
           "initial_eprice_ema_dist": -0.08773848646779292,
           "initial_qty_pct": 0.018000711292423612,
           "markup_range": 0.014462448804936088,
           "max_n_entry_orders": 10,
           "min_markup": 0.014081575671317424,
           "n_close_orders": 13.20116842270376,
           "secondary_allocation": 0.602317066009605,
           "secondary_pprice_diff": 0.22301448926709833,
           "wallet_exposure_limit": 0.05}}
