{
    "binance_02" : {
        "exchange": "binance",
        "key": "IJNS2piJ06NIA4sRQoBUhPx67BwucICvmG4l47VzQ1Om8bVMiWhQLm4dvZ6zZD89",
        "secret": "0ApXi0b1JJnH09qTasPIBsALSWLWImeTuM7BiJcaNMQEsBq62IqRELxoAXrZUBf2"
    },
    "binance_01" : {
        "exchange": "binance",
        "key": "PQXHvEp4mxhGwImuVrdCkFv548sIqF38IyudbgrvtZpGV8XSRYGPAgzR5s5dmbyn",
        "secret": "zzvhZBwGIscPFQT5sm0R3Jd03J4ivHX3QBzyJs0RKvu3J60ziyBEdZ1dxVvljjyv"
    },
    "bybit_01" : {
        "exchange": "bybit",
        "key": "SGOUhjQy6skBzWo0KI",
        "secret": "yueaCwemVjJV7BkqZnuSMUW0QaC3cnzKrMgo"
    }
}
